{"cameraMode":{"drawMode":0,"name":"Shaded","section":"Shading Mode"},"sceneLighting":true,"audioPlay":false,"sceneViewState":{"showFog":true,"showMaterialUpdate":false,"showSkybox":false,"showFlares":true,"showImageEffects":true,"showParticleSystems":true},"in2DMode":false,"pivot":{"x":-4.220000267028809,"y":3.690000057220459,"z":4.486999988555908},"rotation":{"x":-0.06492925435304642,"y":-0.45161154866218569,"z":0.033003345131874087,"w":-0.8892747163772583},"size":1.216890573501587,"orthographic":true}