{"cameraMode":{"drawMode":0,"name":"Shaded","section":"Shading Mode"},"sceneLighting":true,"audioPlay":false,"sceneViewState":{"showFog":true,"showMaterialUpdate":false,"showSkybox":true,"showFlares":true,"showImageEffects":true,"showParticleSystems":true},"in2DMode":false,"pivot":{"x":-17.37592124938965,"y":1.6585965156555176,"z":-17.399919509887697},"rotation":{"x":-0.06794353574514389,"y":0.6389850974082947,"z":-0.7642046809196472,"w":-0.056840915232896808},"size":6.443514823913574,"orthographic":true}