{"cameraMode":{"drawMode":0,"name":"Shaded","section":"Shading Mode"},"sceneLighting":false,"audioPlay":false,"sceneViewState":{"showFog":true,"showMaterialUpdate":false,"showSkybox":false,"showFlares":true,"showImageEffects":true,"showParticleSystems":true},"in2DMode":false,"pivot":{"x":-1.3980982303619385,"y":0.36503279209136965,"z":-12.126598358154297},"rotation":{"x":-0.06492925435304642,"y":-0.45161154866218569,"z":0.033003345131874087,"w":-0.8892747163772583},"size":0.5763790011405945,"orthographic":true}