{"cameraMode":{"drawMode":0,"name":"Shaded","section":"Shading Mode"},"sceneLighting":true,"audioPlay":false,"sceneViewState":{"showFog":true,"showMaterialUpdate":false,"showSkybox":true,"showFlares":true,"showImageEffects":true,"showParticleSystems":true},"in2DMode":false,"pivot":{"x":3.2051868438720705,"y":1.5644521713256837,"z":-47.14999771118164},"rotation":{"x":0.06381810456514359,"y":0.03592458367347717,"z":-0.002321343868970871,"w":0.9973931312561035},"size":2.1438393592834474,"orthographic":true}