{"cameraMode":{"drawMode":0,"name":"Shaded","section":"Shading Mode"},"sceneLighting":true,"audioPlay":false,"sceneViewState":{"showFog":true,"showMaterialUpdate":false,"showSkybox":false,"showFlares":true,"showImageEffects":true,"showParticleSystems":true},"in2DMode":false,"pivot":{"x":-4.220000267028809,"y":3.690000057220459,"z":4.486999988555908},"rotation":{"x":0.008180712349712849,"y":-0.9334349036216736,"z":0.02128969505429268,"w":0.35806652903556826},"size":10.911919593811036,"orthographic":false}